user_id,email,passwords,user_name
1,cinchley0@phpbb.com,K5wEDAb,fburberry0
2,ffigin1@digg.com,QLWwPVChj,cpomery1
3,jyeabsley2@cbslocal.com,GYxSWW5bT,fcamerello2
4,kguarin3@sciencedaily.com,NbceO9b,ajosipovic3
5,dffoulkes4@army.mil,gxoVNRSuH,cshelp4
6,jstammers5@bandcamp.com,WUxy8RUEL,xhampshaw5
7,fgrimsey6@seesaa.net,ezMlt6l,bmullaney6
8,adettmar7@army.mil,RmfbC5LDLXK3,galbrecht7
9,hdesantos8@mlb.com,xAmYrrgb01K,koiller8
10,mtampling9@omniture.com,q4apOF4aAirr,cjesty9
11,lburstona@sakura.ne.jp,fxjMsK,cfrifta
12,igaytorb@nsw.gov.au,xlbvvYvHXC,cgeaneb
13,cbulteelc@army.mil,vvjbT4UZ,sflucksc
14,aminettd@github.io,JsHFD1mz,ktartd
15,pbaerte@hostgator.com,YafuopsQ,lforryane
16,tgervaisef@forbes.com,SHazYQ,rhorrellf
17,nbloorg@wunderground.com,OjRG4CSH,vdupreeg
18,rwhitehouseh@earthlink.net,mjXl5NUQBsV7,cemmah
19,sheffordi@4shared.com,7DvD43Dv,ccardowi
20,hfarlanej@reverbnation.com,uMx7tW8,haldrinj
21,gdeandisiek@apache.org,vi4WN17sZfQA,elauderdalek
22,hcottyl@edublogs.org,hBwJCVx2Iy7y,scaheyl
23,ibelshamm@yolasite.com,KCSp7Tskv,herwinm
24,sdaensn@sitemeter.com,Vzie40,tdoutyn
25,dheddeo@cornell.edu,bip9wIdOiil,reloyo
26,cjosskowitzp@dailymotion.com,qs2EXk,hgehringerp
27,dberniq@desdev.cn,hh0KJjV,jdundridgeq
28,guttleyr@washington.edu,eq4E8z5yRnoy,ebilliardr
29,mwhettletons@hp.com,VdUMyTIc,ayakunins
30,ecogleyt@wix.com,PFmeYYo4,zossultont
31,mgammonu@51.la,NN3lpnZ,dnorthageu
32,bnorthropv@go.com,rYHX1J,sdovidaitisv
33,rboutellw@fastcompany.com,Mlxcc5,mradkew
34,nlinseyx@hubpages.com,Swk5FqGClz,chowgatex
35,aallderidgey@furl.net,mriKqJ,hanslowy
36,kruhbenz@soundcloud.com,h1CzDu9,gmcneishz
37,bjaulme10@com.com,qGuxS7Cd,swoolard10
38,cjahns11@ca.gov,gHklRo3teJfe,cmcilwreath11
39,rlinsley12@redcross.org,qfjjAt4mt,cvarndall12
40,hhatherley13@goo.gl,oyHkpDzwE,lsegge13
41,ncough14@yellowpages.com,HSyHwJ7,dfassbindler14
42,mfishly15@telegraph.co.uk,hWpvgGmzM8H3,gbatho15
43,mtommasi16@unicef.org,ystPQK,ptolwood16
44,krae17@blogs.com,KN4FqMh,dfreear17
45,mjagels18@globo.com,TtZpswpG6dV,rroddie18
46,hhearl19@digg.com,eKHWvrPJKgW,vhugnet19
47,sskill1a@51.la,6GZ54wrpG,jfauning1a
48,kgiuroni1b@scribd.com,2WVJRMOsW,bgeorgeot1b
49,iemmot1c@ucoz.com,CiQv9bf4if7,rplowes1c
50,miremonger1d@miibeian.gov.cn,QyfeBr,odudlestone1d
51,rkliesl1e@etsy.com,X8E0cF,rmcnirlan1e
52,mcline1f@ca.gov,of3HEa,haldred1f
53,kflatley1g@google.ru,F7CaMhx,lfieller1g
54,kcanape1h@sciencedaily.com,cSWrsElYKOL,rrosenfarb1h
55,csmalecombe1i@prnewswire.com,dTWGVHj0,akonzelmann1i
56,adeath1j@disqus.com,0AHRQXM1b,arohlfing1j
57,fmatterdace1k@disqus.com,8EAYGOs,ksalan1k
58,mlattimore1l@cocolog-nifty.com,K1iiZh1F,arevie1l
59,apurdom1m@accuweather.com,YhhpYp1q,owoffenden1m
60,bhenrichs1n@uol.com.br,iwm1VcwK,tmckeown1n
61,edaniells1o@360.cn,9HTckw,ndrynan1o
62,hdautry1p@fotki.com,ynf5Zk,mlevett1p
63,llaboune1q@fotki.com,Sszep9xhYb,ftapson1q
64,vmertel1r@nhs.uk,8BDy7y,astandfield1r
65,bewbank1s@cloudflare.com,FJuBXmf,npinchen1s
66,rrockhall1t@bloglines.com,GuIhVlg6g,njaffrey1t
67,rmcguinley1u@odnoklassniki.ru,K0Gx24EeFAda,aclarae1u
68,bvaliant1v@hexun.com,39TNXBGHS,mcollihole1v
69,mtarver1w@icio.us,oZAawatEY,editter1w
70,abeviss1x@acquirethisname.com,3ZtYIU,ariccelli1x
71,mpoulsom1y@myspace.com,hDHEhqaUHfZH,cfoxall1y
72,akendred1z@harvard.edu,I0aEwOO9WyN,bsmillie1z
73,whardie20@e-recht24.de,dMkJm8Cvso,trocco20
74,scollison21@gravatar.com,Oh2xY430CbVk,dtomanek21
75,sblance22@bloomberg.com,NFypaTpMVhd,cdermott22
76,skilshaw23@youtube.com,JHkTxsCj,oewings23
77,mmabbe24@ucoz.ru,mD6b3rnJfr,uphilippou24
78,tphillimore25@dyndns.org,KNSCyJXhYG,dmeatyard25
79,jcrossgrove26@blogspot.com,jQf3os,gyole26
80,kgateland27@census.gov,8aXiAp,twitz27
81,rnissle28@washington.edu,DHZ975b,fberryann28
82,cluscombe29@statcounter.com,1xdZopU,akyneton29
83,claydel2a@yahoo.co.jp,A9rzOeJZR,rcattroll2a
84,mlindstrom2b@ibm.com,eibKcEoyuk,ijoddens2b
85,kgribben2c@google.co.uk,p4D4hnISUT46,blebretondelavieuville2c
86,rknobell2d@discovery.com,alTHXcJS,rswanger2d
87,swheeldon2e@shinystat.com,RnEqnb7VaIG,jkiln2e
88,tkubik2f@i2i.jp,cCgKucmQ,lluggar2f
89,eboome2g@gizmodo.com,vpuUL2W,jolenchikov2g
90,ematelyunas2h@blogger.com,WzsRgwtuX,cyele2h
91,twilkison2i@addtoany.com,CE6stvoJOu,ymearns2i
92,cerrey2j@technorati.com,lazkJBU,daldred2j
93,astaveley2k@jalbum.net,6dL6y0,rpiccard2k
94,abrindle2l@dmoz.org,Vuk1lNLyNS,gyele2l
95,aelstob2m@seattletimes.com,9sDzgpwA,emilley2m
96,rcollingridge2n@clickbank.net,zLcLV6V,ngaynor2n
97,fconduit2o@xrea.com,faCbTVk,ubainbrigge2o
98,bcarous2p@gov.uk,gnVcbEMohz,cmeace2p
99,bcurzey2q@google.it,B3Wpga,cgurney2q
100,dfranzonello2r@newsvine.com,a6HvC5VNH,kleathard2r
101,gpauwel2s@dion.ne.jp,Ry0GCX,ccarneck2s
102,cjolliman2t@pagesperso-orange.fr,kfN4uxlaR,rkloisner2t
103,oquantrell2u@skype.com,C37NrP5LrN,rtumelty2u
104,kdouche2v@surveymonkey.com,6X0k5Z86,tsreenan2v
105,delleray2w@miitbeian.gov.cn,xEkatvDKeT,amaclaren2w
106,dcapelen2x@nbcnews.com,iCPNODwRd,vaust2x
107,weckh2y@sciencedirect.com,mTL6j4I2YA,iskein2y
108,ceddleston2z@wisc.edu,G2HtJLjUMDhj,vgoundrill2z
109,wgoodliff30@nature.com,h4ryUE,mgert30
110,slyst31@nifty.com,MOUV5vE,dfuller31
111,raffleck32@rakuten.co.jp,uQ0a0Gof,kpeasey32
112,trossetti33@globo.com,1Clbtzv,hdandison33
113,akrishtopaittis34@usgs.gov,yz74zKOVgh,hmeaddowcroft34
114,cbreslane35@seesaa.net,yiSXLFg,abaggott35
115,cfranzel36@google.cn,JtY2WSy7E,kmcgloin36
116,jbaldam37@buzzfeed.com,fCuvZ4nWiEnl,lskeemer37
117,dchart38@sphinn.com,0nFIl4UB,fsigne38
118,njuett39@canalblog.com,vABgBzUTMvLM,rbundy39
119,dkonertz3a@cbslocal.com,GomhPWjO8TBa,jgrinstead3a
120,pantonucci3b@nymag.com,pKDpGsDnd,nchristopher3b
121,jendacott3c@angelfire.com,6t0sTuC,ddacosta3c
122,broback3d@shinystat.com,rYJzVpYn6,doddey3d
123,cdungay3e@goodreads.com,NgU9pw,oshafto3e
124,lmorat3f@cornell.edu,qy1MEPrVWDH,jvasichev3f
125,rclapshaw3g@rediff.com,ftK3ApoH6,rbrimicombe3g
126,fplaice3h@flavors.me,ZfkTwUTHg4,fbarrack3h
127,dcurnokk3i@163.com,OS91AC2c,agoater3i
128,lputtan3j@skyrock.com,ExDj6qNl9,rweatherburn3j
129,ggossage3k@bing.com,IQSVdovXOhX,wwheelwright3k
130,abulle3l@goo.gl,m376qr,smckeurtan3l
131,vkubczak3m@uol.com.br,6Qygir8j,okildea3m
132,chaggerston3n@bloglines.com,NsgQRjLnW,mvittet3n
133,givanitsa3o@wufoo.com,RDlxosTfs0w,gwaugh3o
134,rgossop3p@geocities.jp,0Sq4yKzsI2o5,hduce3p
135,thaydney3q@wisc.edu,NBBIvFcSRWSI,jsawer3q
136,jgarbott3r@ca.gov,MoPrRBvTeGD,oparradine3r
137,ahuckle3s@devhub.com,L0TeTDHWjj5,cpalser3s
138,mmcard3t@about.com,M7h42tk,fedwardes3t
139,nwaliszek3u@printfriendly.com,MeYURCRC7rij,foconnell3u
140,dsimoens3v@storify.com,NhoHjH3yclxI,twaye3v
141,rblaschke3w@newsvine.com,f57jrxQR2tr,wleipelt3w
142,sbloor3x@eepurl.com,NRHAQ4,ocatterick3x
143,gschach3y@bbc.co.uk,MNW61S3hN8XM,cguppy3y
144,jbrummitt3z@princeton.edu,qVdHVTXkgX,lgirone3z
145,bwoodfine40@squidoo.com,im1PiXrAoEFy,jkuller40
146,srozea41@sun.com,IM8evfY,nbettles41
147,mmantrip42@uol.com.br,qP79NNU2G,gsellen42
148,glancett43@census.gov,IVvOkOIT9k,areese43
149,cporcher44@nydailynews.com,gtXVis,cbudgett44
150,gbraunroth45@illinois.edu,o8qWbGyG,imalenoir45
151,ldesorts46@baidu.com,o91t4eWP,honeligan46
152,ahalburton47@whitehouse.gov,JViDYuJbKR,jsifleet47
153,bclarkson48@shareasale.com,pAKAAx94dsNe,rblacklawe48
154,ilimpertz49@google.co.uk,PiCanA,lpeoples49
155,dbassingham4a@webeden.co.uk,N0fv1bL5aqcs,hdaviddi4a
156,loulner4b@tuttocitta.it,zVNlUyOl4a,sdaulby4b
157,cshemmans4c@squidoo.com,kKX1XsSc,liglesias4c
158,mmclay4d@goo.gl,mXVaekeqP,nwheaton4d
159,asallis4e@google.ru,8BWjvomFTc,saggiss4e
160,slowles4f@g.co,gKmh8uveHG,anerne4f
161,bsowthcote4g@friendfeed.com,bMm0uBt6,scrose4g
162,jgrute4h@cloudflare.com,ZVBDqb2wdaO,wgoodin4h
163,dderry4i@hp.com,gQSygK3i,bneasham4i
164,bmackay4j@elpais.com,4SxUNc9,swoollard4j
165,ncleere4k@theglobeandmail.com,MtfQ6hW,dpatridge4k
166,abiddle4l@canalblog.com,QLUEgy2y,hswapp4l
167,mtalton4m@boston.com,l3WXF6SRlzW,mpelman4m
168,sfetherby4n@columbia.edu,j6VhMfqi0ZTf,kvandecastele4n
169,ssmewing4o@amazonaws.com,EHfuOG,aannakin4o
170,rbeverley4p@huffingtonpost.com,GBa17GxF64,ddurtnall4p
171,kpiotrowski4q@deliciousdays.com,gQfaysg,iwoolerton4q
172,astell4r@gmpg.org,kTD767svjdOh,eweddeburnscrimgeour4r
173,hainsworth4s@bravesites.com,S6j9ob,emaccree4s
174,jsibthorpe4t@desdev.cn,qKvdQ3K,glawler4t
175,rtitterington4u@technorati.com,N2DzvebkJej2,cwharton4u
176,lboothjarvis4v@google.com,tAX6v6,rchmarny4v
177,csee4w@shutterfly.com,XBNKSnvjRA,kraymen4w
178,hpeschmann4x@mac.com,v43RLfeoTke,khartas4x
179,ckittel4y@biglobe.ne.jp,PEpFrkiZL5l,eguisot4y
180,dtrumble4z@de.vu,qLcd0WYU1Tn,dnafziger4z
181,kcrickmoor50@typepad.com,L24Fz21Sz,bswindells50
182,kbruun51@google.nl,0t0cDE,gavon51
183,kboulds52@bloomberg.com,uz7z31,nkimbrough52
184,kpanks53@technorati.com,cDbwT1K,lvogel53
185,cfleckness54@ebay.com,aEZMxsSQoT,orutigliano54
186,fmavin55@angelfire.com,ITzo7wsxKj,ghexum55
187,rpieche56@smugmug.com,za0Oh3sE1N,clomen56
188,hstanney57@uol.com.br,3rrfab5jr1sk,lgullen57
189,lgomme58@instagram.com,7hHKHtJhz,akovnot58
190,msmeeth59@ning.com,WQoqZlV8a,deverton59
191,gkeri5a@exblog.jp,UlVBVzc,atiddeman5a
192,fpurkis5b@google.com.au,K4n3O4VxE6,cedmott5b
193,acasterou5c@wiley.com,YlP5G6tae,cbussons5c
194,gmoreno5d@japanpost.jp,MkIPoJRUr,mhartil5d
195,lcoldrick5e@house.gov,P94qIYwhgDg,minsull5e
196,gvidineev5f@parallels.com,x80p6LxOZ1w,bspeares5f
197,cpunshon5g@wsj.com,nVEdFBkgHu,cidell5g
198,ipaolo5h@cocolog-nifty.com,P9eNOhGMansz,bdybbe5h
199,pbamell5i@youku.com,EdUQF1n,nbarns5i
200,sjenteau5j@multiply.com,PaVi4MxfVR2P,bbotwright5j
201,wprevost5k@bloglines.com,hEvAsoMMMHB,cballefant5k
202,clunny5l@usgs.gov,0CaMCiSVchzR,ryeoman5l
203,echattell5m@princeton.edu,Y5mgCxKCy9o9,kkrolman5m
204,mrattry5n@berkeley.edu,TDYJoX,hdornin5n
205,bdeport5o@photobucket.com,aMNdeMNyS,dbertie5o
206,kthorneley5p@wikispaces.com,gLRssTj,jturrell5p
207,ksanto5q@businessweek.com,SfEIiFLB0P0g,bjura5q
208,hsandeland5r@jiathis.com,ysmcI3qxn,mambrosoli5r
209,aokenny5s@hibu.com,0lywXsLkWZ,adicte5s
210,cdown5t@studiopress.com,TiOF5LbI,clecornu5t
211,dbenasik5u@edublogs.org,DAoruU,dmutch5u
212,psantry5v@theglobeandmail.com,z63MmV,dbaughen5v
213,vtams5w@go.com,XH8RNtR2,wpollok5w
214,bwrittle5x@patch.com,RwVdTLIM1,vgraham5x
215,eperring5y@uol.com.br,ezsYxjQF4ezG,ldrewery5y
216,smora5z@apache.org,LMcREvtHk6B,iubanks5z
217,wmccook60@icq.com,cAlOVzUN1,lwhall60
218,vvynall61@addthis.com,vq5ygN,ldahlberg61
219,dnation62@liveinternet.ru,aqp3pl,rpelchat62
220,araoul63@businessweek.com,5j8FlPJ3Khb5,deastbrook63
221,awrotchford64@berkeley.edu,v9dWOIlP,singleton64
222,vfulks65@zdnet.com,JqOiohU9E5gp,uyakuntsov65
223,jlowson66@booking.com,xocCShw7UY,lhowsam66
224,rnockles67@jugem.jp,l61iYKKk,hpawnsford67
225,pcornford68@netscape.com,ATY4gYuG3m,kboow68
226,dgonthier69@biglobe.ne.jp,itL1jb,ybuffin69
227,mfasset6a@ocn.ne.jp,FgfozJlq,vmckeighan6a
228,missacson6b@abc.net.au,1tjgGc,gdudding6b
229,hmahood6c@washington.edu,UK0JrIVtt,rcolthard6c
230,ktraher6d@4shared.com,TZ71FqQX,seouzan6d
231,schat6e@reference.com,TCnioQJxIK,cstapylton6e
232,aantognoni6f@biblegateway.com,9EKO6hXFft,ddewdeny6f
233,jdurbin6g@hp.com,0VSDYh,sprestidge6g
234,knevin6h@hugedomains.com,5OdYuNG,dknight6h
235,hedgington6i@timesonline.co.uk,tNi3fyODr,hgresham6i
236,ocannan6j@newyorker.com,cpWCPWXJTVin,fquincey6j
237,aelintune6k@bigcartel.com,6z8C4wPo,kpenny6k
238,ysemeniuk6l@washington.edu,xXxGzWrSwUy,jfortesquieu6l
239,hhardan6m@booking.com,FKIKRmvXpuZe,pwyre6m
240,hredon6n@smugmug.com,F0eWvG,aseeborne6n
241,kclapston6o@eventbrite.com,4LXiNkQi29,thardiman6o
242,jbrownbridge6p@bing.com,LRWkNNgEMa,pwyllis6p
243,bsteljes6q@nasa.gov,u7LXJNX,bmcvanamy6q
244,edraye6r@wisc.edu,oQq9Lh,alugard6r
245,mwaistall6s@ibm.com,ZmxfUfdDG,npinnere6s
246,sphillins6t@eventbrite.com,s12k1naaEVd,mkalf6t
247,klongcaster6u@tiny.cc,6p8FPO,ccausley6u
248,fwileman6v@topsy.com,cHeJbt9fN,fmary6v
249,ngailor6w@sina.com.cn,8CD5Cbla,dflippelli6w
250,hcheese6x@psu.edu,RrlsYiB8,ktrittam6x
251,emacallister6y@ask.com,fzGfPrb1ME,dpeasegod6y
252,fhastelow6z@infoseek.co.jp,G2qgyOZ5xKO,ajakubowsky6z
253,kvelten70@sciencedirect.com,TTsfJt0,esenten70
254,wmajury71@addthis.com,Xn1Wjr,fmacilhargy71
255,npickersgill72@instagram.com,WCIeAHNjF1D,nscase72
256,gchapiro73@xing.com,CoBT08C,kbrame73
257,mskule74@huffingtonpost.com,LOpC4nL,bleigh74
258,aplaskitt75@vimeo.com,vni4V1jUR2,tsimonnet75
259,adunton76@elpais.com,z2UHAbCNq,cburdytt76
260,mweth77@bbb.org,e5eCTsw61d,htremberth77
261,ssmallacombe78@a8.net,ALgA9cCLCiqd,jmackro78
262,igethins79@redcross.org,7FdnCq,bfrankcom79
263,ebaildon7a@house.gov,dw1AQua6,cmundee7a
264,vorrin7b@yelp.com,YPfYWi,mkaming7b
265,fottley7c@scientificamerican.com,J9wsB7LIH6,vhindhaugh7c
266,rhunt7d@ox.ac.uk,EKYABKYjnIp5,fespadero7d
267,iberthelet7e@rakuten.co.jp,ABjQJ17NE,amarrows7e
268,cloveitt7f@scientificamerican.com,Tr8E577yI,rfurphy7f
269,tffoulkes7g@archive.org,RIzP05,clinger7g
270,fhollidge7h@fda.gov,mrjWcF6yueb,rmcfadden7h
271,anevill7i@blogger.com,IcxM9J4nJQp,jtooke7i
272,tgherardi7j@squidoo.com,U8dSQTPcsb,kwebburn7j
273,cfishbourn7k@spotify.com,pE3JUgwQjBj,lspaight7k
274,bewing7l@spotify.com,tblqCI9,egrishagin7l
275,djeanequin7m@google.cn,2Rxlp1,csaffin7m
276,cdomini7n@desdev.cn,v4mmUsG,wguislin7n
277,nspeers7o@cisco.com,hn1eBi,cbodicam7o
278,ltrenouth7p@va.gov,i9D8nb,clunn7p
279,dcasetta7q@geocities.com,zULbIqRe5UUc,gham7q
280,jschops7r@walmart.com,9W3Zf3XRkDr4,stippetts7r
281,gviscovi7s@hibu.com,dCfYCGoy,pmonger7s
282,cwais7t@ocn.ne.jp,vnfbDE4VRo,ecarlson7t
283,lgoldis7u@intel.com,GYdI9KPPpWQ,tgiffen7u
284,mamburgy7v@statcounter.com,TxqN3zI,msemens7v
285,bmeatcher7w@tamu.edu,UcsIxuIMnp,npiggott7w
286,rstanding7x@yale.edu,jBbfjnFV,kduesbury7x
287,mproudlove7y@istockphoto.com,Uo0AC0rlks02,kdomerq7y
288,squinnell7z@xrea.com,OBRsQH,acowell7z
289,tdominetti80@statcounter.com,J92wwl6,csevior80
290,aleasor81@netscape.com,N7J4ZHAEy,cdeclerq81
291,gstquentin82@mediafire.com,TTaLBlbk7o,vismail82
292,hthomazin83@ucoz.ru,WaVLGN8Ul,khenrichsen83
293,wcolaco84@woothemes.com,OMJ0TsfD,vboldison84
294,dslaney85@hc360.com,0Qtoij8y9YXD,rchatelet85
295,lrubinsky86@ucsd.edu,yloE8fUL0,hbuckam86
296,vjardein87@slashdot.org,1uHsSLsjDHzp,rbracey87
297,cmaylor88@pen.io,z6dcVF6k7I,nhuggen88
298,erichichi89@telegraph.co.uk,8nJHoKVm,alamp89
299,tmaudlen8a@cnet.com,vA940FzxlW9,nmccreadie8a
300,cfeedham8b@dell.com,NKyZMeiD,phadleigh8b
301,apoluzzi8c@nytimes.com,3tvStb46JA,bmullin8c
302,jyeldon8d@domainmarket.com,MBrGvcY,hseamarke8d
303,mwillets8e@livejournal.com,qu0j64k,skerrod8e
304,klipsett8f@eepurl.com,YJacSfrfQX,dfifoot8f
305,vdonalson8g@exblog.jp,SV1GKL,lduncanson8g
306,khonnan8h@canalblog.com,LbnnottvLy,sjosef8h
307,hhilhouse8i@altervista.org,jHvwgyvp,brosbotham8i
308,amcpaike8j@slideshare.net,Lh1V7HbjRDu,rgawkes8j
309,kdyson8k@mac.com,bNqlKx,hdebruin8k
310,vciobutaru8l@php.net,N0yW3cGsU0J,pstood8l
311,pcust8m@blogger.com,53X7XZ,cchesshire8m
312,jgomar8n@istockphoto.com,aTPR6OJ89,cjaze8n
313,seilhertsen8o@whitehouse.gov,tfybrvw,twoollaston8o
314,obrunning8p@woothemes.com,tOMbM5,dolagen8p
315,eilbert8q@senate.gov,cAIARJVnqSFn,mescritt8q
316,lsandes8r@xing.com,3DsQKqVaT,njagiela8r
317,gwindle8s@oakley.com,7vMaPf6HMd,esaywell8s
318,scoltart8t@printfriendly.com,xLDA7pajp,mbullivant8t
319,abroy8u@census.gov,zDBkfMNyR1uz,hmichiel8u
320,edeards8v@geocities.com,lwq2qKeR,oallwell8v
321,bedyson8w@blinklist.com,HJSiKE,mdudbridge8w
322,bthormwell8x@wikipedia.org,NipyQA0,ysutherland8x
323,slippiello8y@shinystat.com,8IqN0egj9ghi,xmaplethorp8y
324,ebeckinsale8z@ehow.com,Aj5tLUBjNVha,kpeltz8z
325,jchoake90@gravatar.com,CjlK42V4vNq,mconnaughton90
326,bconn91@chron.com,vlZSd3Nnjrm,spendlebury91
327,spatek92@va.gov,AL7JrT,pfido92
328,emacmanus93@mozilla.org,iMCmRxdMor9N,lfulmen93
329,hcolleran94@cam.ac.uk,Bi4Big9,droostan94
330,sreucastle95@imdb.com,NXHtCEEr9,ekleinlerer95
331,smargram96@twitpic.com,hl0uRP9wfg,estrivens96
332,zroskelley97@washington.edu,fjFgU9,astirgess97
333,dwilman98@bloglovin.com,HE1MRfOUMSL,cpearce98
334,sbinnion99@histats.com,zVF1ogr,spadrick99
335,braithmill9a@flickr.com,aLJw3t0VgOL,mkilvington9a
336,tpetrik9b@blogtalkradio.com,5dWxmq,thardington9b
337,mwidocks9c@cam.ac.uk,DLx2CgTsll,jstilgoe9c
338,mtoyer9d@marriott.com,kGyA6oJ,rleber9d
339,lollerearnshaw9e@pen.io,sCe9jIbco,rlabern9e
340,kibeson9f@slideshare.net,4PiPla4058,ccauldwell9f
341,tpittford9g@shinystat.com,ASKOYCfURGyP,shackleton9g
342,dpaxforde9h@archive.org,yYTM2sggS,jsnassell9h
343,ipitcock9i@xrea.com,7BFtna,tblaxton9i
344,chasling9j@fotki.com,DteYwTS5VBS,scearley9j
345,dstorror9k@youtube.com,ic34e34,hmellings9k
346,dlaffoleylane9l@walmart.com,ZLeaNM1IjIUJ,jszymczyk9l
347,blanda9m@qq.com,iGLKc0oKx77,delies9m
348,awillerstone9n@archive.org,5IzfIgUb,jdugmore9n
349,lhurling9o@delicious.com,XrM0T9jhOxL,cwolland9o
350,kgabbatiss9p@sogou.com,W0gjoLI,vsell9p
351,rledson9q@purevolume.com,oVoukiX,awermerling9q
352,cbiskup9r@gravatar.com,iCJJToSlN,ngusney9r
353,wteaz9s@nhs.uk,jfJxZGaeXm3,owerlock9s
354,sbigley9t@ucoz.ru,ZJRJVqxS,esharphouse9t
355,tbraddock9u@dedecms.com,5k14B5JTgv,kcissen9u
356,jgilbank9v@gizmodo.com,fG6J4k,amillion9v
357,asilverstone9w@chron.com,etiASr,rladds9w
358,kpettegre9x@bigcartel.com,HKoZtmDU0kiY,estetlye9x
359,kkoschke9y@abc.net.au,l3Jr3jtwyE,bbarrass9y
360,graspel9z@xrea.com,sXkLJz2ve9S,hjoerning9z
361,bmilnera0@miitbeian.gov.cn,wVerA0wbFTSH,dlevanea0
362,mnewcomba1@google.com.au,IhJmeS,ocrana1
363,cpetteta2@bandcamp.com,vtx6vSl,wpossella2
364,lspurdensa3@sourceforge.net,AzNaDJ38RJgS,niliffea3
365,marmesa4@adobe.com,TXyBCOiuMt,bbrudenella4
366,kstiegersa5@nhs.uk,7WlRBJQnZcjS,ccookesa5
367,bjimpsona6@timesonline.co.uk,hEDO7qBCdy,djointa6
368,atrehearna7@npr.org,tfU1Ou,boglessanea7
369,dtreasurea8@tamu.edu,iZgDBXq,jsplevinga8
370,gmarrilla9@dion.ne.jp,1cyfgnjy1t,llamborna9
371,lminihanaa@geocities.com,6libX6K,arablanaa
372,tidwalevansab@cdc.gov,2mDZDb1SiqjN,cdanelsab
373,eailmerac@bing.com,TCV5v9Jw2Fhz,mpontac
374,emcgivenad@ibm.com,CRpYHwJ1,rayliffad
375,kgonthardae@toplist.cz,ojotfQ4N,chamblettae
376,rlequesneaf@wix.com,HcyWYuvhu,afernsaf
377,lpickardag@ted.com,i71dluz,mbreznovicag
378,rbigginsah@cafepress.com,iih9UAT1B6NP,rfirmageah
379,ctomeoai@google.co.jp,AzQgK31,flemmeai
380,nwheelikeraj@sfgate.com,Ziq3siga,hgaucheraj
381,cdobbyak@marriott.com,4GUkErF4,bdanielisak
382,masselal@adobe.com,npSxgZPiZp,ntoffaninial
383,mhyettam@ft.com,oMkloqka9Ma,tsealeafam
384,preihman@posterous.com,UoFQBiQ,ldarwenan
385,awaughao@princeton.edu,b7LhEDrWd,pwhatfordao
386,dwayap@example.com,lmHDXse1LnVD,rdomekap
387,nlundbeckaq@e-recht24.de,2GW59bxTRs,fodonovanaq
388,kpovelear@nydailynews.com,fqjGx6z1Cz,earonoffar
389,fsmithamas@lulu.com,absBuSD,tfarranceas
390,swressellat@phpbb.com,dRBrrpUxmQ,livanchinat
391,iizachikau@nsw.gov.au,T8ESAWTX17,ebharau
392,koboyleav@over-blog.com,te222nE,rsantinoav
393,dweiraw@mozilla.com,mr6BU6Hag9P,smccarlaw
394,spurdieax@shinystat.com,Xvd2vMD,otomblesonax
395,lmewtonay@cbc.ca,TMvpbUv,amacronalday
396,nrunciemanaz@live.com,zaNPsaBY1Bm,ncicchettoaz
397,itrelevanb0@google.co.uk,5W3AjykVN0m1,alanfereb0
398,rgaulerb1@bandcamp.com,u0owaB8daidz,lbeakb1
399,eguidoneb2@tumblr.com,2q005Aa0,edopsonb2
400,ccarnegieb3@nytimes.com,A0C6vyEaN0,pbundyb3
401,ysearsbyb4@privacy.gov.au,PVXeMt7fFM,rpurpleb4
402,cpopeb5@google.ca,UJfp8LIKN8,festeb5
403,jvanderbrugb6@latimes.com,5Mj05pq,rfladgateb6
404,ccheckleyb7@engadget.com,1xpLA9tYK,mdowmanb7
405,hmougetb8@narod.ru,4UzHssNfSmM,dspellsworthb8
406,dpennellb9@mayoclinic.com,1PcrjqPiAQ,rdibsonb9
407,khagertyba@rambler.ru,hmWrlrDDA,cfeatleyba
408,ckolushevbb@sfgate.com,j80xV64,kdsouzabb
409,fharringbc@comsenz.com,KxiG6zOgZnn,jworcsbc
410,tkosiadabd@jugem.jp,t8obhV,ncapellbd
411,eshellsheerebe@over-blog.com,KjMd6BLonQCg,fatkirkbe
412,bstivenbf@forbes.com,POERHfz3SSi,fbrozssetbf
413,aburkerbg@marketwatch.com,FRygduihIs,recobbg
414,bquarriebh@nasa.gov,0WfS9D,souslembh
415,jmacduffiebi@loc.gov,MVfzqWmsbLr,vtawtonbi
416,zgoldsterbj@feedburner.com,VLWvrpNMrP,fretallickbj
417,gminocchibk@flickr.com,hV2jf58QvWZ,smilbornbk
418,fgricksbl@mac.com,PbWzGL,lwestropebl
419,gmasseobm@arizona.edu,D2gpTX,jromaynebm
420,barthargbn@php.net,Un57UOeD,rbendixbn
421,acarderobo@smugmug.com,QnK2JBvMT5Of,ishakespearbo
422,fshentonbp@yelp.com,HVG4CCAUpER,vmcgarelbp
423,cboulesbq@mapquest.com,TGsiC0,fscholesbq
424,dstogillbr@hao123.com,r9Liw1l,rbamberbr
425,qtrouncerbs@ed.gov,oX9vQvMt,dhansmannbs
426,khartopbt@typepad.com,HouELZ,bspearingbt
427,okystonbu@si.edu,PC0fKF,kmacfadzeanbu
428,lcritchbv@umich.edu,93RXLI,kbrassillbv
429,tplatfootbw@slate.com,VqvS7oTI9OQ,ssilverstonbw
430,tburkebx@i2i.jp,Ptcu8aeB,kguilaembx
431,rguichardby@army.mil,NJvjqA,gchattby
432,estirripbz@usatoday.com,nRPNFz,spiccopbz
433,elymanc0@icio.us,uRbSH7,mwhiskinc0
434,ejewersc1@usda.gov,aIhZRoIry,heastlakec1
435,agrasserc2@va.gov,hcqokHk32C,jwentworthc2
436,mrubertic3@java.com,obplsJroWnJ,ldalesioc3
437,nhandslipc4@sogou.com,xqv1xoqg1,dlyburnc4
438,gmatzc5@hc360.com,hgK0xiYXAcl,bbarneveldc5
439,ddarganc6@artisteer.com,gkJhpCixo2,dbuttreyc6
440,erustichc7@addthis.com,mH9cnO,eosculleyc7
441,jbearnec8@github.com,o2b3jjYSPU,mvaleroc8
442,bcanetc9@java.com,76ibDNKx6,rbeekc9
443,pmcnuffca@liveinternet.ru,Yj08yuEKQm,amacfadinca
444,echilderleycb@usda.gov,WlOqdWd,aheffroncb
445,rtripecc@fc2.com,26ezhBIUmJCI,mmundeecc
446,ejestecd@loc.gov,ZATWu7R,apulsfordcd
447,mcoltonce@freewebs.com,aUCKnII,ddenyce
448,nprescotecf@oaic.gov.au,ZD8MyR,bcratchleycf
449,rarnoudcg@hugedomains.com,6i9m5hVq,pleifercg
450,rmaceurch@discuz.net,zW9BdUF3FnK1,mbachshellch
451,wcruikshanksci@wsj.com,xKzwLUd,ssurgenci
452,dmccoolecj@yellowpages.com,v5huNFkO8GEd,rdodsworthcj
453,mrigglesfordck@ifeng.com,RXYEkRAD5,kvongrollmannck
454,eaubreycl@yellowbook.com,9rqISOVIwu,mdelucacl
455,cwhiteleycm@cornell.edu,cucxHE67,lczaplacm
456,jlinwoodcn@tinypic.com,THFBsI85,cjozwikcn
457,bcullinaneco@discovery.com,VguVEMvv,gjezardco
458,mwarbyscp@google.co.jp,RtUDnNdmnG9L,etraffordcp
459,pdavidssoncq@github.io,UP3udcX7gh,mmapletoftcq
460,kpitkeathlycr@youtube.com,LGvPujhtayJC,mchampaincr
461,bbeckittcs@yolasite.com,qPuj6R,spentonycs
462,apoupardct@exblog.jp,v9lrA9,rwalickict
463,ahaymescu@hhs.gov,ABzz5Cary,vblunsumcu
464,ysearchwellcv@cdc.gov,abPQRQP,fdooleycv
465,plevecw@unicef.org,CuwiN4LwG,vdimitrovcw
466,aharlecx@dell.com,GuKaoW3lT,gpinnioncx
467,asplevinscy@wikia.com,O1iwwNV,jnansoncy
468,tdowseycz@mayoclinic.com,gVPO3qyBhxx7,abeneteaucz
469,gmcdouald0@psu.edu,2Pi4ahi6HYw,mabrahimd0
470,chiscoked1@microsoft.com,185yXNjS,gouryd1
471,kcorkilld2@dion.ne.jp,VjcBSOobV0,lmullengerd2
472,delsayd3@foxnews.com,LqTTnMm9Ws,aperrelled3
473,gdavenalld4@sun.com,AYGH0QL2j,sbyrdd4
474,onickersond5@bloglines.com,6jjzR9l,hskeelsd5
475,ibenninckd6@mapy.cz,fb2OiMpy18L,asewilld6
476,areynad7@techcrunch.com,fGGJ6U,gautyd7
477,dcameliad8@psu.edu,zSeltQz3G,vslocumd8
478,jbillboroughd9@issuu.com,7aaK8rpkmUfT,jkenafaqued9
479,nsergeanda@apple.com,tSLj5sPQT,kglassoppda
480,lteersdb@arizona.edu,WAOIy2x,hmacbarrondb
481,ebaldrydc@yahoo.com,fz60Cro7wQVa,gdanielovitchdc
482,hcollensdd@feedburner.com,z7VVsC,dkeesmandd
483,tlamiede@g.co,WImfFJYg,fgowlettde
484,nhenmarshdf@sitemeter.com,AJcXZGPLg,mdodgshondf
485,pplayforddg@webnode.com,1CXAAPScY,bhirschmanndg
486,pcaulketdh@webeden.co.uk,AKQwKpnLfNuI,gbouddh
487,odyzartdi@imgur.com,SvkHv0cF,pheadsdi
488,acogindj@bloomberg.com,l6x59mQJguJ,tbartalindj
489,lmcdonaghdk@stanford.edu,vFt0rWYuO,myewdalldk
490,lbratchelldl@posterous.com,FlwUrP,mgavriellydl
491,sskacedm@mac.com,M5Oi6VVTjOeT,srudolfdm
492,kcristofalodn@mlb.com,NVjNLW,hsteendn
493,bbelchampdo@blogtalkradio.com,hYdeI1D4y,pjoyesdo
494,nkeymedp@shop-pro.jp,foAR3mQlyKT,draedp
495,ocoghlindq@amazon.de,boTanX6,rbresnahandq
496,kferrieredr@goo.ne.jp,sjttoC4gZ8cG,fmaiklemdr
497,bpicds@statcounter.com,OSqjvvKQCWte,ahullandds
498,sitzchakidt@bandcamp.com,KZwIM8VNRPY,jtrokedt
499,ppetersondu@diigo.com,4DYJRTSXgW1,tbubeardu
500,jherrerosdv@lulu.com,FL2zQXk3Zr,cpadgintondv
501,grubroedw@bigcartel.com,vmZfWOM9vh,kdolandw
502,jmacpikedx@newsvine.com,L6m69agQWvH0,cpittendreighdx
503,avasiledy@squarespace.com,xxOPjhnP12zz,hriccarddy
504,bwynchdz@artisteer.com,hL4GomwjTv,dfulstowdz
505,tpithcocke0@hostgator.com,NhguIt,psteelye0
506,sburgyne1@earthlink.net,loL4B6xcU3z,pschubusere1
507,mgalloe2@prnewswire.com,ykgAIKtXY,rhartlye2
508,roakenfielde3@accuweather.com,KXB2H09,wrabbete3
509,ekattee4@amazon.de,NUovl2ev0,kpadelle4
510,igoulstone5@china.com.cn,CCQhqd2,vmeasore5
511,lcoffeee6@google.nl,sKS4L7k5tw,lboldeckee6
512,cheatone7@printfriendly.com,G4Ib9Z38E,lgilbearte7
513,dscrannagee8@earthlink.net,uol14WgUf,gcomriee8
514,mkochse9@biblegateway.com,B8DPbIX2Z,lmartyntseve9
515,nbrockhouseea@java.com,xsKPow,zyakobea
516,wmckissackeb@yandex.ru,8yhEvLIA,mreneeb
517,aschuhec@spotify.com,lMBdMh,tandreassenec
518,bfirmined@umn.edu,dF76gY,sgeertzed
519,mbeckerlegee@qq.com,11Yc6Crbs8n,fbrunstanee
520,btruckettef@home.pl,pEAn7aO,afawdreyef
521,bcordeg@cdbaby.com,b82ELj,mflockharteg
522,lgianolinieh@epa.gov,7GR0B3Kxir,gcrucettieh
523,tgumnei@wikipedia.org,mLCB5V,ktantrumei
524,eborzoniej@chronoengine.com,RKh30dokK,mwongej
525,focorraneek@youtube.com,SZh6hem,ggoracciek
526,mbisterel@bigcartel.com,P5pq4w,olargenel
527,hpentonem@marriott.com,H3a8zw,alucianem
528,rduraken@scientificamerican.com,i1UcpqQNnNh,chargroveen
529,hbedoweo@fda.gov,eT4RydVrRb5F,slangelayeo
530,vjosilevichep@devhub.com,sPjn3OJ,rlewknorep
531,jhardieq@comcast.net,4Ux6Bh7,euebeleq
532,lsmoughtoner@slideshare.net,Js3Put,sgoucker
533,sscoblees@woothemes.com,DVJg73vw1C,alyeses
534,acottiset@sogou.com,L6hVwk1UP,ggemmillet
535,rnestleeu@wisc.edu,wJs2IhQU,kcrippineu
536,cmoberleyev@google.com.br,8nE0laMrZlN,itrinbeyev
537,cleathleyew@pen.io,zXGV0eI,ltabourelew
538,agierckeex@discovery.com,yPnSrG,gmarmionex
539,jshakesbyeey@typepad.com,sPdqRc,htrumperey
540,esmurthwaiteez@alibaba.com,nr5DpyWfxA,gfryez
541,dparradinef0@marriott.com,UujAnUR,bskittlesf0
542,lloddonf1@jigsy.com,wSJk2uXqcZQj,tquadrif1
543,sbiasif2@stanford.edu,XHkfpcppXn,kjanickif2
544,cblakistonf3@vkontakte.ru,RTnfrY9N,gwessellf3
545,plavignef4@chron.com,LUJOeLjpI,ghurnellf4
546,mvolkef5@independent.co.uk,mn8FaQLP,bbonyf5
547,pnormanf6@bbc.co.uk,gmXiLf,cnewhousef6
548,dwolfartf7@house.gov,kN11l1NnbDZz,khellwichf7
549,candrzejewskif8@bluehost.com,4yAMotjDmt,joconnorf8
550,bleflemingf9@creativecommons.org,X7vNMJ,pstedmanf9
551,aabyssfa@latimes.com,ez1mtzHU,mtheobaldsfa
552,nambrogettifb@wiley.com,8mwB1ASJ,narbucklefb
553,bsalzburgerfc@histats.com,H3S53A,tdosdalefc
554,jbalderstonfd@creativecommons.org,1djljR,mvashchenkofd
555,agentlefe@ustream.tv,u2lkulcamgAM,rcaruthfe
556,rrooteff@uol.com.br,iCSyDZ,mmerringff
557,cwestpfelfg@delicious.com,TM8gyi,jmcrillfg
558,mlushfh@hp.com,K9W6zKxsK,emazeyfh
559,lrawlisonfi@loc.gov,HkqZ7YX1h7,rsarfasfi
560,cwinhamfj@si.edu,xRqaU4c,crawefj
561,kmcbrierfk@seattletimes.com,lpqA9dXrr6jm,mjebbfk
562,epatricksonfl@netlog.com,j7RHpm,rspeerfl
563,mgrundyfm@techcrunch.com,WfW1Ud,pgeertjefm
564,cheadleyfn@themeforest.net,JbtQB7,mquarryfn
565,spaulmannfo@hugedomains.com,zF5RCfHdiYTg,cmelbertfo
566,pmcrobbfp@bloomberg.com,Q6AclmsXXvml,bchoupinfp
567,dstlouisfq@blogtalkradio.com,TkJIZaJo01z,oshoutfq
568,pridpathfr@utexas.edu,fTIgns,dhurdmanfr
569,eholhousefs@time.com,2rjFpcZJ9vz,bmiroyfs
570,gcasineft@paginegialle.it,6ARiHvNG3,mcabedoft
571,lmonellefu@boston.com,SrhhbD,ygitthousefu
572,emackonochiefv@chron.com,WJv8RjcX5E,lsealefv
573,uwarnfw@dropbox.com,9VdSXNJY,hatkirkfw
574,dmaddinfx@usda.gov,r61xRpf2x,ryousterfx
575,rricardoufy@redcross.org,qWvxI1PP,lstylefy
576,hmcleesefz@nhs.uk,jZ1MLV,jolennikovfz
577,lhayballg0@biglobe.ne.jp,fC2KSB,mosburng0
578,kbecclesg1@hibu.com,fMPjxleoT,dkindleg1
579,tsmeadg2@abc.net.au,pqIcpai3H,mlethburyg2
580,ochallonerg3@businessinsider.com,RjjILmtLJ,alightewoodg3
581,vdenyuking4@hatena.ne.jp,bNd6ojWt,vdohmanng4
582,bwilberg5@irs.gov,feQCgvdUrW,cdekeyserg5
583,hmorillasg6@surveymonkey.com,mhruaiCjf,mgoningg6
584,jcassamg7@boston.com,JQq7Hc3R,dhowmang7
585,ptraiteg8@comsenz.com,URSwkaeY,crebichong8
586,bmartinecg9@pbs.org,Xh651P,rsladerg9
587,aphalpga@php.net,7RHl93ngT,nstrappga
588,apimbleygb@harvard.edu,ix2RLHHdue9,abukacgb
589,gphythiangc@1und1.de,UxgxxYm,jprevostgc
590,ngozneygd@ycombinator.com,ato1B7X,scobaingd
591,cknightge@google.com.au,YWC6zdcOmG,ghasserge
592,mpayliegf@xinhuanet.com,M8LBAqeoxc,sshorrockgf
593,wdungeegg@hhs.gov,TRZM6l4cmCQK,rsimoneaugg
594,anarracottgh@mashable.com,OzAp78,hlambisgh
595,gmalinsongi@irs.gov,7VuNSQ8w,rmackeevergi
596,jrandallgj@dailymotion.com,cRe8aEaKrKF,dperesgj
597,mvicegk@hostgator.com,LpBbQ9UHTm1Q,adecaroligk
598,mgutteridgegl@usgs.gov,E6ScWkAjS,gchaudrongl
599,pgrimsdalegm@cyberchimps.com,DjN1XbImd9,cgaynsfordgm
600,hthreddergn@netscape.com,9CaJiVrI0,cgolbornegn
601,rsimnettgo@vkontakte.ru,dHZAwE,cscoterboshgo
602,mhaslehurstgp@51.la,Ph1gFU3SwMu,jfarfolomeevgp
603,sbedhamgq@1und1.de,AcKwxSx,tinglesfieldgq
604,mcasacchiagr@hatena.ne.jp,gDfJvqyg,iewbankegr
605,bourygs@e-recht24.de,fCpzgW,kmadigangs
606,sarchibaldgt@wiley.com,Mgwmfofe9,fmeiklegt
607,gjohanchongu@soup.io,BQHEVSjNOm,jfrowinggu
608,tfinlasongv@wired.com,gmf5No6Gt,azanettigv
609,apuddifergw@prweb.com,hmI6vM3Al,ddagostinigw
610,mcossentinegx@moonfruit.com,wWLnSv8sg,htellenbachgx
611,amowatgy@vk.com,lMlvFFeS,atitcumbgy
612,hbeminstergz@stumbleupon.com,WmGOTk7yvZr,ateligingz
613,inorledgeh0@blogtalkradio.com,bs5FezYdsYA,kodegaardh0
614,mblaslh1@merriam-webster.com,dJdjvf,lsladeh1
615,jremingtonh2@stanford.edu,VPC880dXqXF,gosanh2
616,fvileh3@constantcontact.com,6FcdQf1,nyurevichh3
617,bellingsworthh4@hexun.com,eOqpBZJ,bprattinh4
618,kdelcastelloh5@altervista.org,9O4cEJE3K6F,kwavishh5
619,mcloneyh6@chron.com,E5pqWV5idy,gmciloryh6
620,awoolveridgeh7@uol.com.br,viwbLSOjGLAK,gmullesh7
621,dginnellyh8@globo.com,rKiO4j,alittrikh8
622,cfoordh9@squarespace.com,sOgEGX,gmatoshinh9
623,qwhitleyha@ucoz.ru,Ea7ezD6nRl5,ldahlmanha
624,bbezzanthb@sphinn.com,ZVeVxvwWCi,knutonhb
625,hgostlinghc@economist.com,T3fOlAX1,tbrunonehc
626,framptonhd@netlog.com,9r6Cwg,rscimonehd
627,lkarlqvisthe@dell.com,IjMOYg9y9b,emendozahe
628,colyethf@ehow.com,lXoLJB,ktolleyhf
629,hschneidarhg@arstechnica.com,qU2HAKiPiV,adenningtonhg
630,khisemanhh@themeforest.net,X1DQjay,fbooelnhh
631,nhavershi@wikimedia.org,xSik6UQY,sstallanhi
632,sleynhamhj@1und1.de,W5LIoF,cminghihj
633,odarmodyhk@fda.gov,pb8PCXvMzHkD,sizacenkohk
634,lglawsophl@mlb.com,KJ3XbfHH,pspillardhl
635,bmammatthm@biblegateway.com,n71iICXG,mbevingtonhm
636,wcocklinhn@utexas.edu,wJq8X5M,bcolliverhn
637,ktollfreeho@weibo.com,95q88mZg,hdelhantyho
638,hibbitsonhp@livejournal.com,DteFwCUjue,mkewishhp
639,chartehq@vkontakte.ru,6EkS2diE,mkarppihq
640,rbehlinghr@blog.com,NtSty9f8GR,pcamollihr
641,acrolehs@wsj.com,2nzQevFeLoCv,hcasths
642,pedmondsht@salon.com,MaXqTPctsw,scornelisht
643,lperigoehu@goo.gl,PhmvcIVI,vwozencrafthu
644,lduchamhv@topsy.com,J9wMiKpxf,ranglinhv
645,fvirrhw@pcworld.com,Jye3DkaLjJ,mrugghw
646,kcozbyhx@virginia.edu,DiMwukg,fthemlhx
647,dklimczakhy@mit.edu,8oxoyAEzLv,ehousbyhy
648,mgowardhz@joomla.org,N98qIzS0,rsivornhz
649,bbartholini0@ucla.edu,ZuTdhn,mtreacheri0
650,ctrittoni1@networkadvertising.org,ck6o2xch51J,calbrightoni1
651,ljaskowiczi2@mac.com,UdmB0tW,ucranhami2
652,rbrasieri3@shareasale.com,LFNKNqidNu5,bcolegatei3
653,mchastaneti4@bigcartel.com,a9li0azZP,ddonetti4
654,hgavriellii5@patch.com,CSxn1zJxFx,hbeckworthi5
655,atilneyi6@yellowbook.com,HPRsBlQn,theddyi6
656,sbynei7@1688.com,31zLH0K,dvelteni7
657,htrenami8@prlog.org,9SlPwMO,pruggi8
658,pstockporti9@telegraph.co.uk,c44AveiwZPg,cmudlei9
659,tshevelinia@netlog.com,FtNv2e,pscartifieldia
660,emoormanib@mail.ru,UMpVpka68u33,wgilbertsonib
661,gspincksic@omniture.com,qe6uYpkD,jrosternic
662,rlenoirid@independent.co.uk,uGD9ISN35,walliboneid
663,mallchorneie@timesonline.co.uk,M0oRRnhPt,dshalloeie
664,bpaulusif@netvibes.com,OQ2317r9au,thazelhurstif
665,deynaldig@icq.com,bukCU14Jaxt,cyurocjhinig
666,ldenyerih@google.es,4DGG1t6je,ecopelandih
667,bshervilii@epa.gov,EbiYKYjOK,lsterlingii
668,tlygoij@imdb.com,KNRxcQE9odNk,sgogganij
669,ntonbyeik@marketwatch.com,YEIKvvCnCQ,jstarrik
670,earnaldyil@gravatar.com,VOorM9,cshearwoodil
671,wslopierim@springer.com,UilXD77JJoP,dmcgrathim
672,kdecristofaloin@blogspot.com,pHWIQL,omouginin
673,pgaylordio@cisco.com,N3Ms0mSV,vwannio
674,gnaniip@shop-pro.jp,6vhUxBfI6,mguerraip
675,pmulraniq@earthlink.net,Glj2Yzal2H,ktanniq
676,acamoysir@ustream.tv,13DgwIvWjdRg,mlemmanbieir
677,npauwelis@columbia.edu,G38hzc4dB,msollisis
678,pboerderit@nydailynews.com,yecdj85TX,aklishinit
679,cborthiu@flickr.com,x140xDczle,eskewisiu
680,broggieriiv@springer.com,JBBfsOnH6gqX,lkettelliv
681,lbranniganiw@ucoz.ru,3X8E4vbAk,bveareiw
682,ymaccourtix@furl.net,5gKKDjrD,tlawsix
683,msleepiy@nifty.com,3vvcqqaI,brosenbargiy
684,athurneriz@usnews.com,kSXSHNGBK,esouthertoniz
685,cmatusovj0@blogs.com,3pwKvjdhE5H,ddowj0
686,bbraddonj1@cmu.edu,QYyNwMVB23kh,srawlingsj1
687,gvardiej2@pcworld.com,PCI5QKf,emowsdellj2
688,smascallj3@themeforest.net,q3qakt,mantoshinj3
689,marguilej4@cyberchimps.com,K8cch8BVcXdO,jgreenierj4
690,tjaffraj5@wiley.com,2HmC6Jcj,jheggesj5
691,ejeffreysj6@google.es,57mLRvQI4gO,meastlakej6
692,enobbsj7@webnode.com,0axvxdVVYVC,akingtonj7
693,amartinettoj8@bbc.co.uk,6ZzV4w,rmizzij8
694,ihackingj9@photobucket.com,gnkX9wrU,lporterj9
695,jmoneyja@cnet.com,j763LZ,cnutterja
696,upineljb@acquirethisname.com,8UvZy0bQqb6,edungeyjb
697,lthomjc@businessinsider.com,BYtCoK,mjaimejc
698,dscadejd@vinaora.com,k8TzbEvn7,cpostlewhitejd
699,sinderje@google.fr,g2wa48BqKsc,egrimaje
700,bantowskijf@hud.gov,89Da5ZJZ1,mpengellyjf
701,mpaskjg@microsoft.com,VpmYAX7j1,horiganjg
702,dstaddingjh@ocn.ne.jp,ha9Kzkql,sstychejh
703,lblaszczykji@omniture.com,AvbZJl,rprahmji
704,czmitrichenkojj@networkadvertising.org,cY4dP9f4z,tglavinjj
705,bmantionejk@geocities.jp,5CcuyPYF,jaiersjk
706,ohendrixjl@51.la,w6p3JS85M,nmakiverjl
707,edurrantjm@163.com,nx41HrHm2r,oscapelhornjm
708,wmadinejn@vkontakte.ru,sP1KKX9CmrUs,cilbertjn
709,aclapstonjo@tiny.cc,juWJIS,wzannijo
710,pwandtkejp@facebook.com,1roMOUlWr,mwillesjp
711,tfarreyjq@surveymonkey.com,a5SESqNtRn2,tvassayjq
712,aschettinijr@google.co.uk,wihEUZhn,dbettlestonejr
713,yallainjs@netvibes.com,HYNh1oLIq,dsaveryjs
714,rchardinjt@bravesites.com,9AqqSH,cclewarthjt
715,mstitchju@lulu.com,gDcNev,cgitshamju
716,mmenearjv@patch.com,XkNeCnd3Q5Il,bbuckinghamjv
717,kmatthewmanjw@behance.net,8y0dh9LZ,dgabalajw
718,avaskinjx@yahoo.co.jp,dCQXlEJg,bdudderidgejx
719,cvasilechkojy@hexun.com,nw2MmmDQy,gartissjy
720,achatfieldjz@51.la,4I2yyx5B,jlippiellojz
721,fblowink0@eepurl.com,EUDKGx,bnoahk0
722,spagramk1@weebly.com,jgPmaSufwq0b,nkeyhoek1
723,erazouxk2@ning.com,Y7HcpPWlnh,hbricknerk2
724,ltoderik3@photobucket.com,sllSIQQYnk,cjollyek3
725,ashatfordk4@prnewswire.com,ipl748jf2ajf,bscrowbyk4
726,mohogertiek5@myspace.com,7sVVBwA,ddiesk5
727,ananik6@chronoengine.com,tSKjWe2691V,scarbettk6
728,ghalfacreek7@tripod.com,i2VCCMGwu,ecodek7
729,njeandillouk8@shinystat.com,3f5Irejtw1,maxek8
730,gslarkk9@bloomberg.com,wQ73vMIL,gjenickek9
731,cmaudlingka@spiegel.de,ZAZZIEKsr,rcawkwellka
732,bjermynkb@netlog.com,ScaEWD,aramptonkb
733,biglesiaskc@chronoengine.com,TglTENe3XaZo,cdassindalekc
734,tsplevinkd@wikispaces.com,ucD49enf,vrawlynskd
735,voreganke@cloudflare.com,VjpfluVQI,skearyke
736,ghuntleykf@stumbleupon.com,RVOJOi,garonowiczkf
737,lkonzelmannkg@goo.gl,We6kTGIJZjSg,pbosworthkg
738,bspeightkh@ycombinator.com,dsG383C,eskelingtonkh
739,dmccoughanki@engadget.com,pRVbm9PL,lemmanueliki
740,jnesterovkj@apple.com,bv8VpWgd9z,bgiacaponikj
741,lmitchensonkk@washington.edu,xrQCRD6pca,mcordobeskk
742,pagneaukl@yahoo.co.jp,AKieNJa3n,dscrowsonkl
743,ofredykm@indiatimes.com,KQrEqKbxj,mjoelkm
744,rrolfekn@ebay.co.uk,XNNolx,bmorsomkn
745,bashenhurstko@furl.net,31ANsY,sdombrellko
746,wsmalleskp@quantcast.com,YOEYZG0,scarhartkp
747,tbridgerkq@dion.ne.jp,OOLcJVqw4a4,svandenveldekq
748,lkeggkr@photobucket.com,8qG1PkEnflrn,blauridsenkr
749,esouthernsks@goodreads.com,HhiSFiZ,wvasilovks
750,mpetersonkt@reuters.com,jw1mSVa,nschultkt
751,cfaulconerku@myspace.com,lRfzac,gbaynamku
752,mfarmarkv@trellian.com,74Vk8nMVml,nclinekv
753,ngrevelkw@wiley.com,1vC57JD,vsowraykw
754,mcoughankx@gnu.org,ILKb0M3Zf2u,ctassakerkx
755,vtestoky@timesonline.co.uk,egQkLMuDJR,jpadmoreky
756,bwaulkerkz@loc.gov,LhfXEUKjD,rwardroperkz
757,ycamdenl0@ted.com,xFljML7v,cchristoflel0
758,dpeerlessl1@tmall.com,s20WWhYS,lcurlisl1
759,adeavinl2@sciencedirect.com,5ilAdx,dhoogendorpl2
760,aeplatel3@shop-pro.jp,p4pZIdF6,cpaddenl3
761,msoppitl4@earthlink.net,H7padvTj6xi,gmachenl4
762,shardwinl5@arizona.edu,D8pRRl,fcoxwelll5
763,vedscerl6@ifeng.com,gb4a2Hk,bkyngel6
764,joffilerl7@harvard.edu,g1N9EUWX8a,frawcliffl7
765,kedkinsl8@aboutads.info,OaUrY9jBV,pughinil8
766,rvecardl9@hp.com,1sdqAmu,ffebvrel9
767,lroanla@comcast.net,0RO8k1sA,bkobpalla
768,edrifelb@mapquest.com,t5INd7C1YVA,rlevinslb
769,aifelc@wired.com,klwuKWFY,mvandermarklc
770,jwykesld@howstuffworks.com,EWpAkt1X59,ccalrowld
771,ewallmanle@arizona.edu,BYep5L,vgoodshiple
772,mdruhanlf@stumbleupon.com,bVXez9dTsY,leusteslf
773,fmaccardlg@arizona.edu,pbMWTPoS,ssextonelg
774,lheynslh@quantcast.com,IJmLTfzcT,bdutteridgelh
775,sbotemanli@example.com,PkU20xXonky,kackredli
776,mgheeorghielj@go.com,getRRj8h5,dhimsworthlj
777,rswindelllk@amazon.de,NzJgoB,kmcnaughtlk
778,htorresell@ehow.com,BIbiZX8nCGEr,emattiall
779,emccaskilllm@yandex.ru,1RAgriX,xregardsoelm
780,enowakowskiln@cnn.com,JNPRTup7le,patwelln
781,loloinnlo@google.cn,tAp0DpZg,tmanwelllo
782,rloxlylp@friendfeed.com,Blr9pc7l6Gg,wdebischoflp
783,kfaulconbridgelq@netlog.com,PP1mQP,agoghinlq
784,gmaleckylr@etsy.com,3UyBKdNWG6d,dhannondlr
785,apapworthls@godaddy.com,AcWPpmDA1zE,dpittolils
786,hicomlt@sciencedaily.com,xwqgc9VOLuXJ,hblaxalllt
787,bscoyleslu@wikipedia.org,4Yhu6Ozwlaz,kblakdenlu
788,emilkinlv@bigcartel.com,4pv5WEU,cstockoelv
789,msyvretlw@live.com,GDnESO,uyeuletlw
790,pkellicklx@jiathis.com,Z55M2i9f9y,cmatyukonlx
791,cklinely@geocities.com,ZjeZ5V,stoffolinily
792,icareylz@tumblr.com,9T54lP,larnaudetlz
793,fdenekampm0@springer.com,jPtKyN2HBM,habberleym0
794,drenowdenm1@vkontakte.ru,yHKicp,wcolterm1
795,achurchyardm2@about.me,xuZc8wUkk,cjarnellm2
796,obeahanm3@sakura.ne.jp,KdpOrJ67bulR,zdoogoodm3
797,mburleighm4@hc360.com,mHWz71LypKT2,ematteaum4
798,vmorcombem5@smugmug.com,pYteJPYts,mkynvinm5
799,agooderickm6@springer.com,JonT8gEixtNo,rruosm6
800,dkilliamm7@usatoday.com,XUnGhzgNo0E0,ablodgettm7
801,dmuskerm8@europa.eu,3qdOjYw,swoollinm8
802,ithurbornm9@soup.io,i4t0iVd7M,scrottaghm9
803,awillingamma@hc360.com,LSHV92,spetrenma
804,spechtmb@aol.com,zmoPVBzBNcD,bkeyzmanmb
805,woverstreetmc@godaddy.com,IHr12L,deverestmc
806,ajosovitzmd@jiathis.com,II2HMeneU,kleismanmd
807,tcathrome@sfgate.com,zDTV2r,hdagnallme
808,rcolmermf@yellowpages.com,nyg4UHhmo,aepgravemf
809,alarnmg@npr.org,DFPNO9JQk,crofemg
810,cmattimoemh@businessweek.com,ch66zwGq96P,pharefootmh
811,bediemi@ow.ly,cJFxEQQXOOog,ahadlandmi
812,godesonmj@ucoz.ru,3fw42K1v5VC,averbeekmj
813,nmobbsmk@wikipedia.org,CaqBTjv00,bjiranekmk
814,mwrenchml@statcounter.com,1tPUS4kPV2,lcranchml
815,enucciimm@tamu.edu,ndninPDu0S5,caspallmm
816,fhugillmn@eepurl.com,oTMc6GM,wraithmn
817,bcadwalladermo@berkeley.edu,aKNXzyR82e,aarelesmo
818,dgirardengomp@house.gov,mPsPpJY,nskewismp
819,ehacketmq@marriott.com,tCMLrPMnH,smckevittmq
820,rdunphiemr@t.co,m9FiRxge,vfoanmr
821,ksimoncelloms@weibo.com,FE4NXju,mobrollachainms
822,uwaszczykowskimt@smh.com.au,wZXnR0X0S,ktownleymt
823,rrustemu@surveymonkey.com,kmR2IPuAp,hlemanmu
824,bpollakmv@domainmarket.com,klx0C2q,egilardonimv
825,dperchmw@psu.edu,BtnlVbOQObN,lbazellemw
826,bbrookermx@sciencedaily.com,kmxveL2f,jmontrosemx
827,wlambertimy@house.gov,wSYhRTq8130,ehumpherstonmy
828,ajoveymz@ycombinator.com,ZmsnOls,rklampkmz
829,dmixtern0@wix.com,UuWSza59,cdreelann0
830,mbewshean1@unesco.org,NGNMjYMtcAc,wboathn1
831,lbattlesonn2@moonfruit.com,D9zQLSJ,fhawn2
832,vsangern3@ifeng.com,anXSqyr32,ngraffhamn3
833,mcolafaten4@fda.gov,LM3TzYEd9cJ,fesleyn4
834,cstithen5@google.com,OvtgOv6L,cimortsn5
835,bhansonn6@ustream.tv,Fq2k47PF8Ff,sdanilchenkon6
836,ctugwelln7@addthis.com,IqCk7KVECmX,dlockiern7
837,kkellockn8@sbwire.com,cQmpDMi,vfeoren8
838,dspearen9@wired.com,R6DWsGB,hvernhamn9
839,bavramovitzna@dion.ne.jp,bUX1AkJOFmv,ksamsonsenna
840,ogibberdnb@reddit.com,X9aXkR4,gstrugnellnb
841,ccoggeshallnc@businessinsider.com,dMQKlPG,jguerrinnc
842,astallworthnd@apache.org,dE5BIKwLASm,swhistannd
843,rashbyne@instagram.com,QpvTOMHs,hraynerne
844,jraitienf@discovery.com,f0hWQz0GAFp,nsomerscalesnf
845,hnendng@addthis.com,za2kmGsqK,tstientonng
846,nswiffinnh@list-manage.com,r4ecDxIF7,emunktonnh
847,emccloudni@tripadvisor.com,m32zy1SFIc,bhaisellni
848,tcookesnj@furl.net,CLw7HSUx3,dizakovitznj
849,eomullaneynk@pinterest.com,IeZPDbt,lmcgahynk
850,nwildnl@kickstarter.com,8OeQsjBCV,dscowennl
851,dscarffnm@hugedomains.com,5Qs1iyzX,dvandeveldenm
852,kstammersnn@ftc.gov,e7nnhQmnvXIU,fmaffinnn
853,mmacnessno@wikia.com,eaROG6vNB,clohrensenno
854,tkhominnp@latimes.com,mIf1pAL,ncastellinp
855,hdowleynq@mail.ru,hJa35bSZGk1,lrawlesnq
856,mbawdennr@woothemes.com,nNrnoh9IMh,wpypernr
857,nthewsns@meetup.com,3T3GgcR,jnorthwayns
858,gsperent@drupal.org,t3EQoV5,cfeldnt
859,goffnernu@sitemeter.com,C7V9wKuQhR31,sjellynu
860,lmielniknv@statcounter.com,LcLmlqH,cdreighernv
861,eabbisonnw@about.com,Z7Y8Xuk1230A,astearnesnw
862,lfendernx@xrea.com,0HToBhPI,ihumbernx
863,kstiffellny@house.gov,6CpTCY669t,rduffetny
864,gtoppasnz@google.ru,wa54FWBG,dpenningsnz
865,jchippingo0@mashable.com,LWbJ9ME6aZ7,ibanaszewskio0
866,djodrelleo1@umn.edu,CLSSc1gZZb00,vpaveyo1
867,treginao2@adobe.com,MpnhdKqOhC6w,tbatalleo2
868,smoyseyo3@google.es,DrW0cgK05Zec,ldorriano3
869,tbirketto4@purevolume.com,W0m1uvi,kkilno4
870,derico5@google.nl,XdsyeMp,khryskiewiczo5
871,siskowiczo6@yellowbook.com,QdMd8OgSXeY,spenwello6
872,mmatyo7@reddit.com,hS0fIBm,cotimonyo7
873,apayneso8@nymag.com,OsZzAWXnAAo,bwhelpdaleo8
874,proulstono9@google.co.uk,uYpqnDFv,hkidsono9
875,cdepaolioa@amazon.co.jp,LENcHogbWEr1,twoodingtonoa
876,mfrakeob@unicef.org,oocDzeA6,bhrinchenkoob
877,mforsonoc@surveymonkey.com,LaeihiUU,gcorbinoc
878,ttroreyod@elegantthemes.com,j57K6YhD,ccarlileod
879,lmcterryoe@sohu.com,dfl7gBKB,scammoe
880,cbardnamof@odnoklassniki.ru,OqVJVmyG,wraundsof
881,lpepperillog@shinystat.com,3uNatx,jhorsburghog
882,fstovenoh@eepurl.com,kJXj4y5,nurquhartoh
883,jbogieoi@purevolume.com,9y6YH1N,dhendrickxoi
884,ejankooj@friendfeed.com,ZAcEJ2,rbraxtonoj
885,ltremethackok@epa.gov,I6yynqtpHKgq,rjenkynok
886,ggrioliol@senate.gov,8j38xjeV,aluciool
887,espadazziom@amazon.co.jp,TxQ28rP,ldanihelom
888,vcobsonon@bbc.co.uk,3wq78NtqN,rvennyon
889,tcastellanoo@facebook.com,zrD8y8F7lm1,mnieldoo
890,ethallerop@studiopress.com,pqr4fMw,hbacksop
891,tclemotoq@domainmarket.com,ELFatbmiIDL,slangmuiroq
892,bteeseor@wix.com,rJXBG5k32B,ueardleyor
893,arawsonos@huffingtonpost.com,Rxbj9Xp3,ssansomeos
894,amarnesot@symantec.com,2lmwWrx3Q3V,mlearmonthot
895,ntincknellou@joomla.org,q6yNlK1Ymv,njansikou
896,jdunniomov@comsenz.com,7Wzt1kx,wwybornov
897,astenyngow@miibeian.gov.cn,cJxV3H,smeagherow
898,vskepox@woothemes.com,w5K1oCy2e,icastellinoox
899,gbaudtsoy@washington.edu,xB6mazJRF,rshortlandoy
900,ctwallinoz@boston.com,amOzg8G1sB6,agraffhamoz
901,cfannonp0@utexas.edu,cWOIo087,dcondonp0
902,odaintierp1@shinystat.com,6TBLcp0m,bmarshlandp1
903,marchleyp2@simplemachines.org,F4YDBB1,swalakp2
904,nrillstonep3@reddit.com,W5GsxI5qAANn,mlancashirep3
905,adumbreckp4@cyberchimps.com,DOPSQu,jvilliersp4
906,lleethemp5@cornell.edu,aY8tqbx,jhunnybunp5
907,hpittawayp6@amazon.de,dhtLuThm,nadamskyp6
908,fmacnamarap7@unicef.org,4G9oAZnoXX8c,mdensunp7
909,bhuntingp8@live.com,nuTp8Xden,glandrep8
910,tblissittp9@virginia.edu,s8DC43K0asHP,bsouthcottp9
911,rsackerpa@clickbank.net,2IAxYKF,gjuschkapa
912,bleddiepb@amazon.com,JTOFzcV,jswornepb
913,tfouracrespc@newsvine.com,KLVu60k,kbarreaupc
914,alinhampd@examiner.com,Hp1r97Fm,pszymanzykpd
915,abenainepe@bloomberg.com,FsAD01EOWE,rcheckettspe
916,ldurlingpf@merriam-webster.com,N3UWWqk,vcoghlinpf
917,wdouchepg@hc360.com,BRdU1MWtxMDT,bscarmanpg
918,sfrunksph@ask.com,udyCWA2,lbendsonph
919,goehmpi@cisco.com,METvPk5PYj4,lferreirapi
920,msouthcottpj@cnn.com,GCXIj21m,showardpj
921,mrultonpk@simplemachines.org,iBN0pbzqzQmG,ewoodcroftpk
922,lsneesbypl@fema.gov,tAwxu18Yvlz,ccraytonpl
923,rbumpuspm@homestead.com,ETv2JS,asandonpm
924,fickowicspn@liveinternet.ru,XEineq2l,mgallantpn
925,msuggettpo@flavors.me,RjW6WwP8dCpD,slipgenspo
926,bduffittpp@addthis.com,8v04wT9j1i,gtabbernorpp
927,kffrenchbeytaghpq@jiathis.com,2eNiUGCCmI,ahumbeypq
928,kmcsherrypr@miitbeian.gov.cn,tr5gMDorkYD,ajealouspr
929,zfossickps@blogspot.com,Oj08GRD,bwornhamps
930,emarushakpt@reverbnation.com,PlK9Yn,kmcglashanpt
931,ldevonpu@ow.ly,bQRtSSrfiEV,ehowardgaterpu
932,jdemichettipv@about.com,dhHIuQoTZb1t,dlynaghpv
933,nbensleypw@google.it,sEJyx37Kmi,adoidgepw
934,rbehanpx@elegantthemes.com,sAG4lNO,ftappingtonpx
935,qmaudsonpy@google.ru,tpGxFSgfKul,wlightenpy
936,mrenzullopz@mozilla.com,UtLUQZUe,fspightpz
937,egregolottiq0@ucoz.com,vHHmcNzl,edysonq0
938,rhansberryq1@umich.edu,SFetJC,rreemeq1
939,chubachq2@hhs.gov,ew87mjR,aadrianq2
940,rpaxtonq3@ucoz.ru,RWzrfWSWwz,dhearleq3
941,edenecampq4@amazon.co.uk,6GT4qCEkC,jannableq4
942,plamballq5@csmonitor.com,1XgcqnA,lbrotherheedq5
943,aweldenq6@theglobeandmail.com,1zKfXRV,jquimbyq6
944,sminchintonq7@sakura.ne.jp,5cbhR17b,bhalleyq7
945,abrigginshawq8@elpais.com,hZ8G2bZcFzS,kcarnalanq8
946,cbissexq9@gnu.org,FYFlXead3Wt,bethertonq9
947,hrowanqa@umich.edu,nye5Xb8,aortigaqa
948,mcicconettiqb@discovery.com,ZD5IHoz7j,sblagburnqb
949,ehaddrellqc@networkadvertising.org,CypFoT8e,pbettinsonqc
950,pgrewesqd@privacy.gov.au,1B8v8JWGjJE,ocolganqd
951,ltiteqe@lulu.com,XuT01D4ea4l,jwaightqe
952,nortoqf@blog.com,f6ST8Zl,jpresleyqf
953,qgathqg@techcrunch.com,nGhpODk4uEw,kwilflingerqg
954,afarleyqh@comcast.net,B8FqJPkmb,tangeliniqh
955,cshurmoreqi@reddit.com,n29TQb8C8,pamissqi
956,nboyingtonqj@tinypic.com,gHOyOHB,btweedleqj
957,sfurmageqk@mail.ru,0N3G80pcBN,mkinderqk
958,vcradickql@bbc.co.uk,taHZpBLT,lbarstowkql
959,gcaldecotqm@walmart.com,QMq47vX0GPe,mamortsqm
960,areadwingqn@yahoo.co.jp,hrGxkLkkeYDj,mgraalmanqn
961,klabrowqo@prlog.org,EIy1oSKLzQ6,jmcginnqo
962,haikmanqp@adobe.com,5ozF51YMKY,lvanderbrugqp
963,lmacdougallqq@ehow.com,LKHhvp,cirvinqq
964,lhadleeqr@oracle.com,L9njMa,mkewqr
965,gmallabyqs@guardian.co.uk,YJGbld,gwilcherqs
966,wluffqt@mapy.cz,GOlF0NNxk,lmaleqt
967,jfladgatequ@amazon.co.uk,OqRMMr8nqYB,nianizziqu
968,cmcowenqv@hao123.com,pofTeQ,wsimanqv
969,cfloriqw@angelfire.com,SCbC8p,acuredaleqw
970,gradbournqx@wiley.com,nnZSKzZ,smaitlandqx
971,mmelwallqy@1688.com,t8yGPck,elampettqy
972,oderbyqz@networkadvertising.org,wusj4I9,estevensonqz
973,emaxwailer0@narod.ru,u983m7,rghiroldir0
974,mpabelikr1@walmart.com,Cx87zrf16YBJ,hshaxbyr1
975,ebuxsyr2@reddit.com,4h4I5RwYli,oferreresr2
976,gnortcliffer3@multiply.com,hw8brkJAx,velsyr3
977,kbrowerr4@163.com,Lwx7wXiRuc,ecoardr4
978,ddingsdaler5@hc360.com,PCYaW55IRZs,gcharter5
979,wronischr6@cnbc.com,luIiYTG4,speagramr6
980,gcostelowr7@hud.gov,EKkmO795,agreenawayr7
981,hivanusyevr8@loc.gov,vzPLnCxFvFGZ,gcreightonr8
982,cmcgeachyr9@diigo.com,BsX4GzT8,abriddockr9
983,rkaszperra@berkeley.edu,OExMxxw3cCaK,khallawaysra
984,pspaldingrb@behance.net,NFj4Jzf,jmarterb
985,mpentelowrc@europa.eu,XsYsB4Z,fellulrc
986,mharrowrd@dagondesign.com,fsr6yYZ3yLc,fchittendenrd
987,ntangyere@weebly.com,5TIpR3,bcarillore
988,fduckittrf@ucla.edu,UHQHK19,ctrembeyrf
989,cjellrg@macromedia.com,46dQLR3HciO9,dmarkusrg
990,ghillhouserh@cdbaby.com,nV5EQG,kroalferh
991,rbellhangerri@theglobeandmail.com,w0sVuJ7,ptoppri
992,bscopesrj@yandex.ru,0izKQkwIo,krichesrj
993,jeylesrk@bluehost.com,yqcPc6Za,cgillfillanrk
994,ewomackrl@oaic.gov.au,w83h5MigcyZ,bsidlerl
995,dbessentrm@fotki.com,usQuwCso7,fsoutarrm
996,lgeatorrn@flickr.com,yobcmCVYPNyj,fchatresrn
997,scopnellro@ebay.com,PUp0W6ayry,mmattimoero
998,tthwaitesrp@apple.com,8gAo5aR,cwilbyrp
999,pstarerq@imageshack.us,zPgK1lWL,jyesenevrq
1000,eheardmanrr@reddit.com,4GQ9h1w2yb,twhatsonrr
